account,fname,lname,password,email
test10,test10,test10,test1234,test10@blazemeter.com
test11,test11,test11,test1234,test11@blazemeter.com
test12,test12,test12,test1234,test12@blazemeter.com
test13,test13,test13,test1234,test13@blazemeter.com
test14,test14,test14,test1234,test14@blazemeter.com
test15,test15,test15,test1234,test15@blazemeter.com
test16,test16,test16,test1234,test16@blazemeter.com
test17,test17,test17,test1234,test17@blazemeter.com
test18,test18,test18,test1234,test18@blazemeter.com
test19,test19,test19,test1234,test19@blazemeter.com
test20,test20,test20,test1234,test20@blazemeter.com
test21,test21,test21,test1234,test21@blazemeter.com
test22,test22,test22,test1234,test22@blazemeter.com
test23,test23,test23,test1234,test23@blazemeter.com
test24,test24,test24,test1234,test24@blazemeter.com
test25,test25,test25,test1234,test25@blazemeter.com
test26,test26,test26,test1234,test26@blazemeter.com
test27,test27,test27,test1234,test27@blazemeter.com
test28,test28,test28,test1234,test28@blazemeter.com
test29,test29,test29,test1234,test29@blazemeter.com
test30,test30,test30,test1234,test30@blazemeter.com
test31,test31,test31,test1234,test31@blazemeter.com
